2017/03/01 15:21, bitcoin,825
2017/03/01 15:21, transaction,263
2017/03/01 15:21, segwit,240
2017/03/01 15:21, wallet,231
2017/03/01 15:21, people,229
2017/03/01 15:21, fee,193
2017/03/01 15:21, gold,191
2017/03/01 15:21, btc,171
2017/03/01 15:21, block,153
2017/03/01 15:21, time,149
2017/03/01 15:21, miners,145
2017/03/01 15:21, buy,145
2017/03/01 15:21, price,138
2017/03/01 15:21, blockchain,127
2017/03/01 15:21, money,122
2017/03/01 15:21, core,117
2017/03/01 15:21, coins,111
2017/03/01 15:21, etf,102
2017/03/01 15:21, nodes,101
2017/03/01 15:21, account,97
2017/03/01 15:21, fork,95
2017/03/01 15:21, years,93
2017/03/01 15:21, exchange,92
2017/03/01 15:21, users,89
2017/03/01 15:21, post,88
2017/03/01 15:21, network,86
2017/03/01 15:21, day,85
2017/03/01 15:21, increase,84
2017/03/01 15:21, banks,84
2017/03/01 15:21, bu,83
2017/03/01 15:21, hard,78
2017/03/01 15:21, support,76
2017/03/01 15:21, coinbase,76
2017/03/01 15:21, thanks,73
2017/03/01 15:21, problem,72
2017/03/01 15:21, mean,71
2017/03/01 15:21, size,69
2017/03/01 15:21, words,69
2017/03/01 15:21, sell,68
2017/03/01 15:21, value,67
2017/03/01 15:21, question,67
2017/03/01 15:21, currency,65
2017/03/01 15:21, power,65
2017/03/01 15:21, try,65
2017/03/01 15:21, work,65
2017/03/01 15:21, market,64
2017/03/01 15:21, system,61
2017/03/01 15:21, dollars,57
2017/03/01 15:21, send,57
2017/03/01 15:21, pay,56
2017/03/01 15:21, services,55
2017/03/01 15:21, roger,54
2017/03/01 15:21, cash,53
2017/03/01 15:21, current,52
2017/03/01 15:21, move,51
2017/03/01 15:21, mining,50
2017/03/01 15:21, probably,49
2017/03/01 15:21, look,49
2017/03/01 15:21, help,48
2017/03/01 15:21, seed,48
2017/03/01 15:21, consensus,47
2017/03/01 15:21, change,47
2017/03/01 15:21, comment,47
2017/03/01 15:21, thought,47
2017/03/01 15:21, term,47
2017/03/01 15:21, hours,46
2017/03/01 15:21, reason,46
2017/03/01 15:21, payment,46
2017/03/01 15:21, months,45
2017/03/01 15:21, read,45
2017/03/01 15:21, keys,45
2017/03/01 15:21, buying,44
2017/03/01 15:21, issue,44
2017/03/01 15:21, reddit,44
2017/03/01 15:21, developers,43
2017/03/01 15:21, world,43
2017/03/01 15:21, please,43
2017/03/01 15:21, bought,43
2017/03/01 15:21, argument,42
2017/03/01 15:21, debate,42
2017/03/01 15:21, saying,41
2017/03/01 15:21, trying,41
2017/03/01 15:21, idea,41
2017/03/01 15:21, bit,41
2017/03/01 15:21, address,40
2017/03/01 15:21, true,40
2017/03/01 15:21, believe,40
2017/03/01 15:21, site,39
2017/03/01 15:21, real,39
2017/03/01 15:21, bad,39
2017/03/01 15:21, confirmations,39
2017/03/01 15:21, sec,38
2017/03/01 15:21, pretty,38
2017/03/01 15:21, based,38
2017/03/01 15:21, company,37
2017/03/01 15:21, sent,37
2017/03/01 15:21, community,37
2017/03/01 15:21, makes,37
2017/03/01 15:21, run,37
2017/03/01 15:21, understand,37
2017/03/01 15:21, wrong,36
2017/03/01 15:21, fact,36
2017/03/01 15:21, password,36
2017/03/01 15:21, cost,36
2017/03/01 15:21, low,36
2017/03/01 15:21, getting,36
2017/03/01 15:21, funds,36
2017/03/01 15:21, activated,35
2017/03/01 15:21, link,35
2017/03/01 15:21, amount,35
2017/03/01 15:21, mine,35
2017/03/01 15:21, electrum,35
2017/03/01 15:21, code,34
2017/03/01 15:21, technical,34
2017/03/01 15:21, upgrade,34
2017/03/01 15:21, wait,34
2017/03/01 15:21, spend,34
2017/03/01 15:21, usd,34
2017/03/01 15:21, proposal,34
2017/03/01 15:21, devs,34
2017/03/01 15:21, gemini,33
2017/03/01 15:21, ver,33
2017/03/01 15:21, worth,33
2017/03/01 15:21, start,33
2017/03/01 15:21, 2mb,33
2017/03/01 15:21, majority,33
2017/03/01 15:21, soft,33
2017/03/01 15:21, currently,32
2017/03/01 15:21, control,32
2017/03/01 15:21, ok,32
2017/03/01 15:21, chain,31
2017/03/01 15:21, technology,31
2017/03/01 15:21, banned,31
2017/03/01 15:21, opinion,31
2017/03/01 15:21, attack,31
2017/03/01 15:21, matter,31
2017/03/01 15:21, guys,31
2017/03/01 15:21, little,31
2017/03/01 15:21, amazon,31
2017/03/01 15:21, mycelium,31
2017/03/01 15:21, transfer,31
2017/03/01 15:21, number,30
2017/03/01 15:21, government,30
2017/03/01 15:21, software,30
2017/03/01 15:21, space,30
2017/03/01 15:21, ledger,30
2017/03/01 15:21, info,30
2017/03/01 15:21, nullc,29
2017/03/01 15:21, example,29
2017/03/01 15:21, internet,29
2017/03/01 15:21, agree,29
2017/03/01 15:21, evidence,29
2017/03/01 15:21, single,29
2017/03/01 15:21, private,29
2017/03/01 15:21, trust,29
2017/03/01 15:21, rbtc,28
2017/03/01 15:21, person,28
2017/03/01 15:21, provide,28
2017/03/01 15:21, peer,28
2017/03/01 15:21, shit,28
2017/03/01 15:21, add,28
2017/03/01 15:21, talking,28
2017/03/01 15:21, thread,28
2017/03/01 15:21, option,28
2017/03/01 15:21, edit,28
2017/03/01 15:21, limit,28
2017/03/01 15:21, layer,28
2017/03/01 15:21, set,27
2017/03/01 15:21, allow,27
2017/03/01 15:21, satoshi,27
2017/03/01 15:21, update,27
2017/03/01 15:21, scaling,27
2017/03/01 15:21, yeah,27
2017/03/01 15:21, mods,27
2017/03/01 15:21, solution,27
2017/03/01 15:21, inputs,27
2017/03/01 15:21, simply,27
2017/03/01 15:21, news,27
2017/03/01 15:21, byte,26
2017/03/01 15:21, hope,26
2017/03/01 15:21, approved,26
2017/03/01 15:21, weeks,26
2017/03/01 15:21, stop,26
2017/03/01 15:21, sounds,26
2017/03/01 15:21, create,26
2017/03/01 15:21, client,26
2017/03/01 15:21, profit,26
2017/03/01 15:21, expect,26
2017/03/01 15:21, lead,26
2017/03/01 15:21, investment,25
2017/03/01 15:21, couple,25
2017/03/01 15:21, card,25
2017/03/01 15:21, ready,25
2017/03/01 15:21, approval,25
2017/03/01 15:21, trading,25
2017/03/01 15:21, withdraw,25
2017/03/01 15:21, free,25
2017/03/01 15:21, safe,24
2017/03/01 15:21, care,24
2017/03/01 15:21, article,24
2017/03/01 15:21, lol,24
2017/03/01 15:21, lose,24
2017/03/01 15:21, tell,24
2017/03/01 15:21, interest,24
2017/03/01 15:21, balance,24
2017/03/01 15:21, protocol,24
2017/03/01 15:21, blocksize,24
2017/03/01 15:21, source,24
2017/03/01 15:21, china,23
2017/03/01 15:21, hold,23
2017/03/01 15:21, working,23
2017/03/01 15:21, trade,23
2017/03/01 15:21, email,23
2017/03/01 15:21, shares,23
2017/03/01 15:21, lost,23
2017/03/01 15:21, main,23
2017/03/01 15:21, risk,23
2017/03/01 15:21, goes,23
2017/03/01 15:21, version,23
2017/03/01 15:21, short,23
2017/03/01 15:21, due,23
2017/03/01 15:21, nice,23
2017/03/01 15:21, proof,23
2017/03/01 15:21, types,22
2017/03/01 15:21, future,22
2017/03/01 15:21, nano,22
2017/03/01 15:21, write,22
2017/03/01 15:21, looking,22
2017/03/01 15:21, business,22
2017/03/01 15:21, tried,22
2017/03/01 15:21, requires,22
2017/03/01 15:21, bandwidth,22
2017/03/01 15:21, hardfork,22
2017/03/01 15:21, check,22
2017/03/01 15:21, list,22
2017/03/01 15:21, fiat,22
2017/03/01 15:21, bills,22
2017/03/01 15:21, offer,21
2017/03/01 15:21, situation,21
2017/03/01 15:21, past,21
2017/03/01 15:21, information,21
2017/03/01 15:21, voting,21
2017/03/01 15:21, backup,21
2017/03/01 15:21, addresses,21
2017/03/01 15:21, exactly,21
2017/03/01 15:21, sorry,21
2017/03/01 15:21, correct,21
2017/03/01 15:21, ban,21
2017/03/01 15:21, digital,21
2017/03/01 15:21, development,21
2017/03/01 15:21, decision,21
2017/03/01 15:21, forward,21
2017/03/01 15:21, ln,21
2017/03/01 15:21, minutes,21
2017/03/01 15:21, censorship,21
2017/03/01 15:21, realize,21
2017/03/01 15:21, reward,21
2017/03/01 15:21, country,20
2017/03/01 15:21, million,20
2017/03/01 15:21, vote,20
2017/03/01 15:21, sense,20
2017/03/01 15:21, plan,20
2017/03/01 15:21, theories,20
2017/03/01 15:21, break,20
2017/03/01 15:21, online,20
2017/03/01 15:21, 1mb,20
2017/03/01 15:21, soon,20
2017/03/01 15:21, quote,20
2017/03/01 15:21, whatever,20
2017/03/01 15:21, aws,20
2017/03/01 15:21, mind,20
2017/03/01 15:21, claims,20
2017/03/01 15:21, paid,20
2017/03/01 15:21, unless,20
2017/03/01 15:21, actual,20
2017/03/01 15:21, phone,20
2017/03/01 15:21, rate,20
2017/03/01 15:21, unit,19
2017/03/01 15:21, continue,19
2017/03/01 15:21, paypal,19
2017/03/01 15:21, found,19
2017/03/01 15:21, guess,19
2017/03/01 15:21, eventually,19
2017/03/01 15:21, confirmed,19
2017/03/01 15:21, thinking,19
2017/03/01 15:21, pool,19
2017/03/01 15:21, history,19
2017/03/01 15:21, store,19
2017/03/01 15:21, march,19
2017/03/01 15:21, call,19
2017/03/01 15:21, signature,19
2017/03/01 15:21, features,19
2017/03/01 15:21, lies,19
2017/03/01 15:21, conspiracy,19
2017/03/01 15:21, zero,19
2017/03/01 15:21, top,19
2017/03/01 15:21, level,19
2017/03/01 15:21, huge,19
2017/03/01 15:21, job,19
2017/03/01 15:21, follow,19
2017/03/01 15:21, app,19
2017/03/01 15:21, volume,19
2017/03/01 15:21, data,18
2017/03/01 15:21, average,18
2017/03/01 15:21, consider,18
2017/03/01 15:21, scam,18
2017/03/01 15:21, rejected,18
2017/03/01 15:21, sending,18
2017/03/01 15:21, discussion,18
2017/03/01 15:21, investors,18
2017/03/01 15:21, seeing,18
2017/03/01 15:21, scale,18
2017/03/01 15:21, otherwise,18
2017/03/01 15:21, silver,17
2017/03/01 15:21, re,17
2017/03/01 15:21, result,17
2017/03/01 15:21, debt,17
2017/03/01 15:21, split,17
2017/03/01 15:21, easy,17
2017/03/01 15:21, course,17
2017/03/01 15:21, note,17
2017/03/01 15:21, via,17
2017/03/01 15:21, available,17
2017/03/01 15:21, p2sh,17
2017/03/01 15:21, hardware,17
2017/03/01 15:21, hf,17
2017/03/01 15:21, answer,17
2017/03/01 15:21, seen,17
2017/03/01 15:21, crypto,17
2017/03/01 15:21, elections,17
2017/03/01 15:21, google,17
2017/03/01 15:21, lightning,17
2017/03/01 15:21, tx,17
2017/03/01 15:21, paying,17
2017/03/01 15:21, double,17
2017/03/01 15:21, fast,17
2017/03/01 15:21, adoption,17
2017/03/01 15:21, outage,16
2017/03/01 15:21, doubt,16
2017/03/01 15:21, sometimes,16
2017/03/01 15:21, video,16
2017/03/01 15:21, involved,16
2017/03/01 15:21, witness,16
2017/03/01 15:21, hodl,16
2017/03/01 15:21, stuff,16
2017/03/01 15:21, eth,16
2017/03/01 15:21, total,16
2017/03/01 15:21, standard,16
2017/03/01 15:21, basically,16
2017/03/01 15:21, title,16
2017/03/01 15:21, comes,16
2017/03/01 15:21, obviously,16
2017/03/01 15:21, similar,16
2017/03/01 15:21, anyway,16
2017/03/01 15:21, page,16
2017/03/01 15:21, activation,16
2017/03/01 15:21, explain,16
2017/03/01 15:21, website,16
2017/03/01 15:21, normal,16
2017/03/01 15:21, deposit,16
2017/03/01 15:21, file,16
2017/03/01 15:21, premium,16
2017/03/01 15:21, entire,16
2017/03/01 15:21, altcoin,16
2017/03/01 15:21, pin,16
2017/03/01 15:21, asset,16
2017/03/01 15:21, ton,16
2017/03/01 15:21, capacity,16
2017/03/01 15:21, hear,16
2017/03/01 15:21, op,16
2017/03/01 15:21, feel,16
2017/03/01 15:21, demand,16
2017/03/01 15:21, larger,16
2017/03/01 15:21, ones,16
2017/03/01 15:21, txn,15
2017/03/01 15:21, 2nd,15
2017/03/01 15:21, hash,15
2017/03/01 15:21, access,15
2017/03/01 15:21, false,15
2017/03/01 15:21, handle,15
2017/03/01 15:21, chance,15
2017/03/01 15:21, blocking,15
2017/03/01 15:21, bitcoinxio,15
2017/03/01 15:21, security,15
2017/03/01 15:21, device,15
2017/03/01 15:21, live,15
2017/03/01 15:21, drop,15
2017/03/01 15:21, recover,15
2017/03/01 15:21, bitmain,15
2017/03/01 15:21, ethereum,15
2017/03/01 15:21, valid,15
2017/03/01 15:21, selling,15
2017/03/01 15:21, bet,15
2017/03/01 15:21, written,15
2017/03/01 15:21, sorts,15
2017/03/01 15:21, left,15
2017/03/01 15:21, form,15
2017/03/01 15:21, track,15
2017/03/01 15:21, parent,15
2017/03/01 15:21, solve,15
2017/03/01 15:21, benefits,15
2017/03/01 15:21, decentralized,15
2017/03/01 15:21, bunch,15
2017/03/01 15:21, instant,15
2017/03/01 15:21, happens,15
2017/03/01 15:21, hashing,15
2017/03/01 15:21, sub,15
2017/03/01 15:21, customers,15
2017/03/01 15:21, unconfirmed,15
2017/03/01 15:21, atm,14
2017/03/01 15:21, moment,14
2017/03/01 15:21, purpose,14
2017/03/01 15:21, collapse,14
2017/03/01 15:21, fail,14
2017/03/01 15:21, fake,14
2017/03/01 15:21, s3,14
2017/03/01 15:21, act,14
2017/03/01 15:21, failed,14
2017/03/01 15:21, concerned,14
2017/03/01 15:21, upload,14
2017/03/01 15:21, implementation,14
2017/03/01 15:21, holding,14
2017/03/01 15:21, close,14
2017/03/01 15:21, love,14
2017/03/01 15:21, economic,14
2017/03/01 15:21, including,14
2017/03/01 15:21, mentioned,14
2017/03/01 15:21, effect,14
2017/03/01 15:21, hd,14
2017/03/01 15:21, public,14
2017/03/01 15:21, statement,14
2017/03/01 15:21, expensive,14
2017/03/01 15:21, giving,14
2017/03/01 15:21, activate,14
2017/03/01 15:21, hundreds,14
2017/03/01 15:21, property,14
2017/03/01 15:21, commodity,14
2017/03/01 15:21, inflation,14
2017/03/01 15:21, invest,14
2017/03/01 15:21, called,14
2017/03/01 15:21, waiting,14
2017/03/01 15:21, crash,14
2017/03/01 15:21, prefer,13
2017/03/01 15:21, seriously,13
2017/03/01 15:21, drive,13
2017/03/01 15:21, play,13
2017/03/01 15:21, uasf,13
2017/03/01 15:21, count,13
2017/03/01 15:21, aware,13
2017/03/01 15:21, electronic,13
2017/03/01 15:21, hand,13
2017/03/01 15:21, global,13
2017/03/01 15:21, decide,13
2017/03/01 15:21, takes,13
2017/03/01 15:21, step,13
2017/03/01 15:21, hit,13
2017/03/01 15:21, completely,13
2017/03/01 15:21, computer,13
2017/03/01 15:21, immediately,13
2017/03/01 15:21, friends,13
2017/03/01 15:21, force,13
2017/03/01 15:21, active,13
2017/03/01 15:21, recommend,13
2017/03/01 15:21, regular,13
2017/03/01 15:21, definitely,13
2017/03/01 15:21, finally,13
2017/03/01 15:21, canada,13
2017/03/01 15:21, moderator,13
2017/03/01 15:21, nearly,13
2017/03/01 15:21, considering,13
2017/03/01 15:21, totally,13
2017/03/01 15:21, coming,13
2017/03/01 15:21, calling,13
2017/03/01 15:21, taking,13
2017/03/01 15:21, outputs,13
2017/03/01 15:21, name,13
2017/03/01 15:21, multiple,13
2017/03/01 15:21, accepted,13
2017/03/01 15:21, breadwallet,13
2017/03/01 15:21, story,13
2017/03/01 15:21, following,12
2017/03/01 15:21, passphrase,12
2017/03/01 15:21, process,12
2017/03/01 15:21, told,12
2017/03/01 15:21, created,12
2017/03/01 15:21, tone,12
2017/03/01 15:21, scenario,12
2017/03/01 15:21, appear,12
2017/03/01 15:21, remember,12
2017/03/01 15:21, eu,12
2017/03/01 15:21, gonna,12
2017/03/01 15:21, stored,12
2017/03/01 15:21, anymore,12
2017/03/01 15:21, started,12
2017/03/01 15:21, cause,12
2017/03/01 15:21, compatible,12
2017/03/01 15:21, subreddit,12
2017/03/01 15:21, winklevoss,12
2017/03/01 15:21, im,12
2017/03/01 15:21, happening,12
2017/03/01 15:21, useful,12
2017/03/01 15:21, effort,12
2017/03/01 15:21, man,12
2017/03/01 15:21, wonder,12
2017/03/01 15:21, difference,12
2017/03/01 15:21, response,12
2017/03/01 15:21, easily,12
2017/03/01 15:21, dont,12
2017/03/01 15:21, fine,12
2017/03/01 15:21, simple,12
2017/03/01 15:21, absolutely,12
2017/03/01 15:21, ounce,12
2017/03/01 15:21, obvious,12
2017/03/01 15:21, improvements,12
2017/03/01 15:21, position,12
2017/03/01 15:21, plenty,12
2017/03/01 15:21, savings,12
2017/03/01 15:21, serious,12
2017/03/01 15:21, quick,12
2017/03/01 15:21, reply,12
2017/03/01 15:21, period,12
2017/03/01 15:21, except,12
2017/03/01 15:21, bigger,12
2017/03/01 15:21, moving,12
2017/03/01 15:21, thousands,12
2017/03/01 15:21, jihan,11
2017/03/01 15:21, financial,11
2017/03/01 15:21, tech,11
2017/03/01 15:21, lots,11
2017/03/01 15:21, shitty,11
2017/03/01 15:21, possibly,11
2017/03/01 15:21, awesome,11
2017/03/01 15:21, possibility,11
2017/03/01 15:21, cpu,11
2017/03/01 15:21, experience,11
2017/03/01 15:21, banking,11
2017/03/01 15:21, posted,11
2017/03/01 15:21, willing,11
2017/03/01 15:21, employees,11
2017/03/01 15:21, physical,11
2017/03/01 15:21, welcome,11
2017/03/01 15:21, topic,11
2017/03/01 15:21, heard,11
2017/03/01 15:21, inevitable,11
2017/03/01 15:21, concern,11
2017/03/01 15:21, central,11
2017/03/01 15:21, strong,11
2017/03/01 15:21, database,11
2017/03/01 15:21, products,11
2017/03/01 15:21, gdax,11
2017/03/01 15:21, freedom,11
2017/03/01 15:21, neutral,11
2017/03/01 15:21, hi,11
2017/03/01 15:21, gain,11
2017/03/01 15:21, cant,11
2017/03/01 15:21, io,11
2017/03/01 15:21, failure,11
2017/03/01 15:21, delete,11
2017/03/01 15:21, assume,11
2017/03/01 15:21, grow,11
2017/03/01 15:21, talk,11
2017/03/01 15:21, reading,11
2017/03/01 15:21, traded,11
2017/03/01 15:21, speech,11
2017/03/01 15:21, memorydealers,11
2017/03/01 15:21, confirm,11
2017/03/01 15:21, individual,11
2017/03/01 15:21, supply,11
2017/03/01 15:21, path,11
2017/03/01 15:21, hopefully,11
2017/03/01 15:21, suggest,11
2017/03/01 15:21, specific,11
2017/03/01 15:21, figure,11
2017/03/01 15:21, events,11
2017/03/01 15:21, model,11
2017/03/01 15:21, recently,11
2017/03/01 15:21, sold,11
2017/03/01 15:21, ponzi,11
2017/03/01 15:21, difficult,11
2017/03/01 15:21, growth,11
2017/03/01 15:21, machine,10
2017/03/01 15:21, easier,10
2017/03/01 15:21, push,10
2017/03/01 15:21, team,10
2017/03/01 15:21, prevent,10
2017/03/01 15:21, funded,10
2017/03/01 15:21, admins,10
2017/03/01 15:21, industry,10
2017/03/01 15:21, hey,10
2017/03/01 15:21, complete,10
2017/03/01 15:21, accept,10
2017/03/01 15:21, paper,10
2017/03/01 15:21, major,10
2017/03/01 15:21, project,10
2017/03/01 15:21, soupernerd,10
2017/03/01 15:21, society,10
2017/03/01 15:21, mempool,10
2017/03/01 15:21, secure,10
2017/03/01 15:21, affected,10
2017/03/01 15:21, depends,10
2017/03/01 15:21, wu,10
2017/03/01 15:21, com,10
2017/03/01 15:21, voice,10
2017/03/01 15:21, extra,10
2017/03/01 15:21, half,10
2017/03/01 15:21, directly,10
2017/03/01 15:21, message,10
2017/03/01 15:21, food,10
2017/03/01 15:21, phrase,10
2017/03/01 15:21, signaling,10
2017/03/01 15:21, wow,10
2017/03/01 15:21, empty,10
2017/03/01 15:21, youtube,10
2017/03/01 15:21, win,10
2017/03/01 15:21, localbitcoins,10
2017/03/01 15:21, restore,10
2017/03/01 15:21, 4mb,10
2017/03/01 15:21, credit,10
2017/03/01 15:21, campaign,10
2017/03/01 15:21, personally,10
2017/03/01 15:21, id,10
2017/03/01 15:21, deal,10
2017/03/01 15:21, exists,10
2017/03/01 15:21, group,10
2017/03/01 15:21, advance,10
2017/03/01 15:21, suspended,10
2017/03/01 15:21, running,10
2017/03/01 15:21, meaning,10
2017/03/01 15:21, late,10
2017/03/01 15:21, rejection,10
2017/03/01 15:21, decrease,10
2017/03/01 15:21, stock,10
2017/03/01 15:21, incentive,10
2017/03/01 15:21, writing,10
2017/03/01 15:21, watch,10
2017/03/01 15:21, advantage,10
2017/03/01 15:21, considered,10
2017/03/01 15:21, hedge,10
2017/03/01 15:21, actions,10
2017/03/01 15:21, blog,10
2017/03/01 15:21, separate,10
2017/03/01 15:21, alt,10
2017/03/01 15:21, unlimited,10
2017/03/01 15:21, monetary,10
2017/03/01 15:21, view,10
2017/03/01 15:21, respect,10
2017/03/01 15:21, estimate,9
2017/03/01 15:21, recommended,9
2017/03/01 15:21, release,9
2017/03/01 15:21, life,9
2017/03/01 15:21, resources,9
2017/03/01 15:21, leave,9
2017/03/01 15:21, spot,9
2017/03/01 15:21, date,9
2017/03/01 15:21, sat,9
2017/03/01 15:21, multibit,9
2017/03/01 15:21, receive,9
2017/03/01 15:21, specifically,9
2017/03/01 15:21, downvote,9
2017/03/01 15:21, thats,9
2017/03/01 15:21, shut,9
2017/03/01 15:21, centralized,9
2017/03/01 15:21, bring,9
2017/03/01 15:21, details,9
2017/03/01 15:21, green,9
2017/03/01 15:21, de,9
2017/03/01 15:21, malleability,9
2017/03/01 15:21, towards,9
2017/03/01 15:21, usually,9
2017/03/01 15:21, entirely,9
2017/03/01 15:21, speed,9
2017/03/01 15:21, contains,9
2017/03/01 15:21, hell,9
2017/03/01 15:21, stopped,9
2017/03/01 15:21, application,9
2017/03/01 15:21, required,9
2017/03/01 15:21, halal,9
2017/03/01 15:21, impression,9
2017/03/01 15:21, precious,9
2017/03/01 15:21, party,9
2017/03/01 15:21, debit,9
2017/03/01 15:21, subject,9
2017/03/01 15:21, opportunity,9
2017/03/01 15:21, sale,9
2017/03/01 15:21, daily,9
2017/03/01 15:21, dip,9
2017/03/01 15:21, suspect,9
2017/03/01 15:21, wealth,9
2017/03/01 15:21, dude,9
2017/03/01 15:21, corporations,9
2017/03/01 15:21, potential,9
2017/03/01 15:21, especially,9
2017/03/01 15:21, stupid,9
2017/03/01 15:21, holders,9
2017/03/01 15:21, dangerous,9
2017/03/01 15:21, spreading,9
2017/03/01 15:21, advice,9
2017/03/01 15:21, funding,9
2017/03/01 15:21, fun,9
2017/03/01 15:21, yesterday,9
2017/03/01 15:21, goods,9
2017/03/01 15:21, backwards,9
2017/03/01 15:21, original,9
2017/03/01 15:21, leaders,9
2017/03/01 15:21, forum,9
2017/03/01 15:21, imo,9
2017/03/01 15:21, faster,9
2017/03/01 15:21, cryptocurrencies,9
2017/03/01 15:21, pre,9
2017/03/01 15:21, falls,9
2017/03/01 15:21, cheap,9
2017/03/01 15:21, changing,9
2017/03/01 15:21, guns,9
2017/03/01 15:21, return,9
2017/03/01 15:21, pm,9
2017/03/01 15:21, lower,9
2017/03/01 15:21, vays,9
2017/03/01 15:21, fear,9
2017/03/01 15:21, platform,9
2017/03/01 15:21, disagree,9
2017/03/01 15:21, stay,9
2017/03/01 15:21, increasing,8
2017/03/01 15:21, effective,8
2017/03/01 15:21, channels,8
2017/03/01 15:21, logic,8
2017/03/01 15:21, wish,8
2017/03/01 15:21, worked,8
2017/03/01 15:21, pretend,8
2017/03/01 15:21, besides,8
2017/03/01 15:21, nested,8
2017/03/01 15:21, fix,8
2017/03/01 15:21, rest,8
2017/03/01 15:21, gone,8
2017/03/01 15:21, section,8
2017/03/01 15:21, status,8
2017/03/01 15:21, rises,8
2017/03/01 15:21, definition,8
2017/03/01 15:21, approve,8
2017/03/01 15:21, spam,8
2017/03/01 15:21, illegal,8
2017/03/01 15:21, realized,8
2017/03/01 15:21, web,8
2017/03/01 15:21, literally,8
2017/03/01 15:21, disk,8
2017/03/01 15:21, coffee,8
2017/03/01 15:21, dr,8
2017/03/01 15:21, attacker,8
2017/03/01 15:21, gum,8
2017/03/01 15:21, spv,8
2017/03/01 15:21, economy,8
2017/03/01 15:21, checked,8
2017/03/01 15:21, worry,8
2017/03/01 15:21, valuable,8
2017/03/01 15:21, deadline,8
2017/03/01 15:21, pack,8
2017/03/01 15:21, popular,8
2017/03/01 15:21, properly,8
2017/03/01 15:21, download,8
2017/03/01 15:21, adopted,8
2017/03/01 15:21, updating,8
2017/03/01 15:21, dumb,8
2017/03/01 15:21, purchasing,8
2017/03/01 15:21, strange,8
2017/03/01 15:21, operations,8
2017/03/01 15:21, content,8
2017/03/01 15:21, earn,8
2017/03/01 15:21, decided,8
2017/03/01 15:21, near,8
2017/03/01 15:21, somehow,8
2017/03/01 15:21, classic,8
2017/03/01 15:21, billion,8
2017/03/01 15:21, growing,8
2017/03/01 15:21, crazy,8
2017/03/01 15:21, fuck,8
2017/03/01 15:21, nyc,8
2017/03/01 15:21, switch,8
2017/03/01 15:21, shop,8
2017/03/01 15:21, fluctuations,8
2017/03/01 15:21, according,8
2017/03/01 15:21, metals,8
2017/03/01 15:21, particular,8
2017/03/01 15:21, none,8
2017/03/01 15:21, regulation,8
2017/03/01 15:21, cheaper,8
2017/03/01 15:21, upgraded,8
2017/03/01 15:21, meeting,8
2017/03/01 15:21, priced,8
2017/03/01 15:21, fud,8
2017/03/01 15:21, drama,8
2017/03/01 15:21, putting,8
2017/03/01 15:21, implement,8
2017/03/01 15:21, blockstream,8
2017/03/01 15:21, softfork,8
2017/03/01 15:21, biggest,8
2017/03/01 15:21, bug,8
2017/03/01 15:21, limited,8
2017/03/01 15:21, direct,8
2017/03/01 15:21, tool,8
2017/03/01 15:21, 10th,8
2017/03/01 15:21, quickly,8
2017/03/01 15:21, civil,8
2017/03/01 15:21, stuck,8
2017/03/01 15:21, unfortunately,8
2017/03/01 15:21, outcome,8
2017/03/01 15:21, provided,8
2017/03/01 15:21, missed,8
2017/03/01 15:21, chinese,8
2017/03/01 15:21, lack,8
2017/03/01 15:21, gpu,8
2017/03/01 15:21, added,8
2017/03/01 15:21, activity,8
2017/03/01 15:21, political,8
2017/03/01 15:21, pi,8
2017/03/01 15:21, build,8
2017/03/01 15:21, ignore,8
2017/03/01 15:21, gbtc,8
2017/03/01 15:21, stable,8
2017/03/01 15:21, include,8
2017/03/01 15:21, tax,8
2017/03/01 15:21, choose,8
2017/03/01 15:21, agreed,8
2017/03/01 15:21, closer,8
2017/03/01 15:21, p2p,8
2017/03/01 15:21, wall,8
2017/03/01 15:21, record,8
2017/03/01 15:21, replace,7
2017/03/01 15:21, hurt,7
2017/03/01 15:21, conclusions,7
2017/03/01 15:21, format,7
2017/03/01 15:21, bottom,7
2017/03/01 15:21, happy,7
2017/03/01 15:21, dealer,7
2017/03/01 15:21, choice,7
2017/03/01 15:21, falling,7
2017/03/01 15:21, understanding,7
2017/03/01 15:21, throughput,7
2017/03/01 15:21, wondering,7
2017/03/01 15:21, keepkey,7
2017/03/01 15:21, massive,7
2017/03/01 15:21, slow,7
2017/03/01 15:21, image,7
2017/03/01 15:21, hashrate,7
2017/03/01 15:21, method,7
2017/03/01 15:21, door,7
2017/03/01 15:21, refuse,7
2017/03/01 15:21, self,7
2017/03/01 15:21, gavin,7
2017/03/01 15:21, worthless,7
2017/03/01 15:21, rules,7
2017/03/01 15:21, invalid,7
2017/03/01 15:21, antpool,7
2017/03/01 15:21, existing,7
2017/03/01 15:21, imply,7
2017/03/01 15:21, euro,7
2017/03/01 15:21, co,7
2017/03/01 15:21, waste,7
2017/03/01 15:21, rbf,7
2017/03/01 15:21, increased,7
2017/03/01 15:21, child,7
2017/03/01 15:21, protection,7
2017/03/01 15:21, verify,7
2017/03/01 15:21, forced,7
2017/03/01 15:21, spread,7
2017/03/01 15:21, night,7
2017/03/01 15:21, denied,7
2017/03/01 15:21, war,7
2017/03/01 15:21, cad,7
2017/03/01 15:21, bullish,7
2017/03/01 15:21, allegation,7
2017/03/01 15:21, impossible,7
2017/03/01 15:21, seuss,7
2017/03/01 15:21, contentious,7
2017/03/01 15:21, begin,7
2017/03/01 15:21, import,7
2017/03/01 15:21, notice,7
2017/03/01 15:21, joke,7
2017/03/01 15:21, bias,7
2017/03/01 15:21, ship,7
2017/03/01 15:21, comparison,7
2017/03/01 15:21, poor,7
2017/03/01 15:21, ceo,7
2017/03/01 15:21, apocalypse,7
2017/03/01 15:21, competing,7
2017/03/01 15:21, withdrawal,7
2017/03/01 15:21, scalability,7
2017/03/01 15:21, nonsense,7
2017/03/01 15:21, commercial,7
2017/03/01 15:21, convert,7
2017/03/01 15:21, afaik,7
2017/03/01 15:21, accurate,7
2017/03/01 15:21, twitter,7
2017/03/01 15:21, additional,7
2017/03/01 15:21, piece,7
2017/03/01 15:21, aus,7
2017/03/01 15:21, implemented,7
2017/03/01 15:21, posting,7
2017/03/01 15:21, purchase,7
2017/03/01 15:21, attempt,7
2017/03/01 15:21, yep,7
2017/03/01 15:21, save,7
2017/03/01 15:21, bot,7
2017/03/01 15:21, margin,7
2017/03/01 15:21, forget,7
2017/03/01 15:21, remain,7
2017/03/01 15:21, print,7
2017/03/01 15:21, assumption,7
2017/03/01 15:21, ages,7
2017/03/01 15:21, significant,7
2017/03/01 15:21, cents,7
2017/03/01 15:21, dat,7
2017/03/01 15:21, reached,7
2017/03/01 15:21, knowledge,7
2017/03/01 15:21, relevant,7
2017/03/01 15:21, received,7
2017/03/01 15:21, manually,7
2017/03/01 15:21, assuming,7
2017/03/01 15:21, ecosystem,7
2017/03/01 15:21, changed,7
2017/03/01 15:21, mb,7
2017/03/01 15:21, despite,7
2017/03/01 15:21, misleading,7
2017/03/01 15:21, rely,7
2017/03/01 15:21, weird,7
2017/03/01 15:21, plus,7
2017/03/01 15:21, necessarily,7
2017/03/01 15:21, regarding,7
2017/03/01 15:21, announcement,7
2017/03/01 15:21, provider,7
2017/03/01 15:21, stand,7
2017/03/01 15:21, worse,7
2017/03/01 15:21, worst,7
2017/03/01 15:21, goal,7
2017/03/01 15:21, traditional,7
2017/03/01 15:21, supposed,7
2017/03/01 15:21, context,7
2017/03/01 15:21, extremely,7
2017/03/01 15:21, helping,7
2017/03/01 15:21, apply,7
2017/03/01 15:21, pending,7
2017/03/01 15:21, related,7
2017/03/01 15:21, remove,7
2017/03/01 15:21, usage,7
2017/03/01 15:21, mined,7
2017/03/01 15:21, shipping,7
2017/03/01 15:21, electricity,6
2017/03/01 15:21, error,6
2017/03/01 15:21, fair,6
2017/03/01 15:21, fairly,6
2017/03/01 15:21, previous,6
2017/03/01 15:21, inside,6
2017/03/01 15:21, proven,6
2017/03/01 15:21, relay,6
2017/03/01 15:21, originally,6
2017/03/01 15:21, sw,6
2017/03/01 15:21, instantly,6
2017/03/01 15:21, ridiculous,6
2017/03/01 15:21, liquidity,6
2017/03/01 15:21, worried,6
2017/03/01 15:21, former,6
2017/03/01 15:21, noob,6
2017/03/01 15:21, technically,6
2017/03/01 15:21, tricks,6
2017/03/01 15:21, sync,6
2017/03/01 15:21, prior,6
2017/03/01 15:21, followed,6
2017/03/01 15:21, occurs,6
2017/03/01 15:21, cover,6
2017/03/01 15:21, attacking,6
2017/03/01 15:21, nope,6
2017/03/01 15:21, funny,6
2017/03/01 15:21, garbage,6
2017/03/01 15:21, spending,6
2017/03/01 15:21, influence,6
2017/03/01 15:21, bitcoiners,6
2017/03/01 15:21, entities,6
2017/03/01 15:21, taxes,6
2017/03/01 15:21, downvoted,6
2017/03/01 15:21, alliance,6
2017/03/01 15:21, official,6
2017/03/01 15:21, compared,6
2017/03/01 15:21, entropy,6
2017/03/01 15:21, spez,6
2017/03/01 15:21, hodlers,6
2017/03/01 15:21, india,6
2017/03/01 15:21, appreciate,6
2017/03/01 15:21, steal,6
2017/03/01 15:21, photo,6
2017/03/01 15:21, board,6
2017/03/01 15:21, fight,6
2017/03/01 15:21, test,6
2017/03/01 15:21, concept,6
2017/03/01 15:21, anonymous,6
2017/03/01 15:21, supporting,6
2017/03/01 15:21, prove,6
2017/03/01 15:21, receiving,6
2017/03/01 15:21, america,6
2017/03/01 15:21, typically,6
2017/03/01 15:21, privacy,6
2017/03/01 15:21, media,6
2017/03/01 15:21, storage,6
2017/03/01 15:21, beyond,6
2017/03/01 15:21, halvings,6
2017/03/01 15:21, base,6
2017/03/01 15:21, scheme,6
2017/03/01 15:21, greg,6
2017/03/01 15:21, stubbornness,6
2017/03/01 15:21, pretending,6
2017/03/01 15:21, plausible,6
2017/03/01 15:21, missing,6
2017/03/01 15:21, linux,6
2017/03/01 15:21, game,6
2017/03/01 15:21, button,6
2017/03/01 15:21, cartel,6
2017/03/01 15:21, measure,6
2017/03/01 15:21, management,6
2017/03/01 15:21, manipulation,6
2017/03/01 15:21, connected,6
2017/03/01 15:21, processed,6
2017/03/01 15:21, username,6
2017/03/01 15:21, sooner,6
2017/03/01 15:21, loss,6
2017/03/01 15:21, eat,6
2017/03/01 15:21, calculate,6
2017/03/01 15:21, third,6
2017/03/01 15:21, basis,6
2017/03/01 15:21, dreams,6
2017/03/01 15:21, initial,6
2017/03/01 15:21, innovation,6
2017/03/01 15:21, dealing,6
2017/03/01 15:21, stability,6
2017/03/01 15:21, mail,6
2017/03/01 15:21, gotta,6
2017/03/01 15:21, efficient,6
2017/03/01 15:21, relative,6
2017/03/01 15:21, mark,6
2017/03/01 15:21, server,6
2017/03/01 15:21, liar,6
2017/03/01 15:21, operating,6
2017/03/01 15:21, complain,6
2017/03/01 15:21, difficulty,6
2017/03/01 15:21, gbminers,6
2017/03/01 15:21, trolls,6
2017/03/01 15:21, chart,6
2017/03/01 15:21, giant,6
2017/03/01 15:21, luke,6
2017/03/01 15:21, raise,6
2017/03/01 15:21, alternative,6
2017/03/01 15:21, alternate,6
2017/03/01 15:21, bip,6
2017/03/01 15:21, native,6
2017/03/01 15:21, unlikely,6
2017/03/01 15:21, text,6
2017/03/01 15:21, fixed,6
2017/03/01 15:21, untrue,6
2017/03/01 15:21, equal,6
2017/03/01 15:21, utxos,6
2017/03/01 15:21, hate,6
2017/03/01 15:21, estimated,6
2017/03/01 15:21, install,6
2017/03/01 15:21, powerful,6
2017/03/01 15:21, duress,6
2017/03/01 15:21, gift,6
2017/03/01 15:21, arbitrary,6
2017/03/01 15:21, trustworthy,6
2017/03/01 15:21, head,6
2017/03/01 15:21, picture,6
2017/03/01 15:21, local,6
2017/03/01 15:21, contract,6
2017/03/01 15:21, pow,6
2017/03/01 15:21, kill,6
2017/03/01 15:21, bitsquare,6
2017/03/01 15:21, moon,6
2017/03/01 15:21, ten,6
2017/03/01 15:21, style,6
2017/03/01 15:21, generate,6
2017/03/01 15:21, feed,6
2017/03/01 15:21, leading,6
2017/03/01 15:21, threats,6
2017/03/01 15:21, corruption,6
2017/03/01 15:21, creating,6
2017/03/01 15:21, zombie,6
2017/03/01 15:21, chose,6
2017/03/01 15:21, light,6
2017/03/01 15:21, conversation,6
2017/03/01 15:21, hence,6
2017/03/01 15:21, kilobyte,6
2017/03/01 15:21, ability,6
2017/03/01 15:21, happiness,6
2017/03/01 15:21, tactics,6
2017/03/01 15:21, percent,6
